行政區,公廁編號,公廁類別,公廁名稱,公廁位置,公廁等級,公廁地址,經度,緯度,管理單位,尿布臺設置數量,兒童座椅設置數量,親子友善評鑑獲獎
士林區,A147,交通,捷運劍潭站(淡水信義線),北側親子,特優級(分),臺北市士林區中山北路五段65號,121.525078,25.084873,捷運劍潭站(夜),1,1,
士林區,A148,交通,捷運士林站(淡水信義線),北側親子,特優級(分),臺北市士林區福德路1號,121.52623,25.093535,捷運士林站,1,1,
士林區,A149,交通,捷運芝山站(淡水信義線),南親子,特優級(分),臺北市士林區福國路70號,121.522514,25.10306,捷運芝山站,1,1,
士林區,百526,綜合零售賣場,新光三越台北天母店,A館6樓親子,特優級(分),臺北市士林區天母東路68號,121.533924,25.11795,新光三越百貨股份有限公司臺北天母店,1,1,
士林區,百507,綜合零售賣場,大葉高島屋百貨,蘭雅國中旁B1親子,特優級(分),臺北市士林區忠誠路二段55號,121.531342,25.111735,大葉高島屋百貨股份有限公司,0,1,
士林區,百507,綜合零售賣場,大葉高島屋百貨,蘭雅國中旁1樓親子,特優級(分),臺北市士林區忠誠路二段55號,121.531342,25.111735,大葉高島屋百貨股份有限公司,1,0,
士林區,百526,綜合零售賣場,新光三越台北天母店,A館B1親子,特優級(分),臺北市士林區天母東路68號,121.533924,25.11795,新光三越百貨股份有限公司臺北天母店,1,0,
士林區,機106,機關,士林地政事務所,士商5F親子,特優級(分),臺北市士林區中正路439號5樓,121.51967,25.092808,臺北市士林地政事務所,1,1,
士林區,機06,機關,士林區公所,9F右親子性別友善,特優級(分),臺北市士林區中正路439號,121.51967,25.092808,臺北市士林區公所,1,1,
士林區,B008,文化育樂場所,國立臺灣科學教育館,1F西親子,特優級(分),臺北市士林區士商路189號,121.51601,25.095988,國立臺灣科學教育館,0,0,
士林區,B008,文化育樂場所,國立臺灣科學教育館,3F西親子,特優級(分),臺北市士林區士商路189號,121.51601,25.095988,國立臺灣科學教育館,0,0,
士林區,B008,文化育樂場所,國立臺灣科學教育館,5F西親子,特優級(分),臺北市士林區士商路189號,121.51601,25.095988,國立臺灣科學教育館,0,0,
士林區,B008,文化育樂場所,國立臺灣科學教育館,6F西親子,特優級(分),臺北市士林區士商路189號,121.51601,25.095988,國立臺灣科學教育館,0,0,
士林區,B008,文化育樂場所,國立臺灣科學教育館,7F西親子,特優級(分),臺北市士林區士商路189號,121.51601,25.095988,國立臺灣科學教育館,0,0,
士林區,B008,文化育樂場所,國立臺灣科學教育館,8F西親子,特優級(分),臺北市士林區士商路189號,121.51601,25.095988,國立臺灣科學教育館,0,0,
士林區,B570,文化育樂場所,天母運動場,親子,優等級(分),臺北市士林區忠誠路二段77號(天母運動園區服務中心),121.534287,25.114385,臺北市輪椅網球推廣協會,0,0,
士林區,百528,綜合零售賣場,特力和樂士林店,B2親子,特優級(分),臺北市士林區基河路258號地下一樓,121.520569,25.092177,特力屋股份有限公司,0,0,
士林區,機113,機關,士林區戶政事務所,3樓左親子,特優級(分),臺北市士林區中正路439號3樓,121.51967,25.092808,臺北市士林區戶政事務所,1,1,
士林區,B008,文化育樂場所,國立臺灣科學教育館,4F西親子,特優級(分),臺北市士林區士商路189號,121.51601,25.095988,國立臺灣科學教育館,0,0,
士林區,A567,交通,百齡高中地下停車場,B1親子,特優級(分),臺北市士林區承德路四段175號地下一、二樓,121.523996,25.086151,臺北市停車管理工程處百齡高中地下停車場,1,1,
士林區,醫01,醫院,聯合醫院陽明院區　　　　,1-2親子無障礙,優等級(分),臺北市士林區雨聲街105號,121.53175,25.105287,臺北市立聯合醫院陽明院區,0,0,
士林區,D521,公園,忠誠公園,親子廁所,優等級(分),臺北市士林區中山北路六段與忠誠路會口公園水池後方,121.525878,25.103148,公園路燈工程管理處陽明山公園管理所,1,1,
士林區,D525,公園,士林官邸,4號親子,特優級(分),臺北市士林區福林路60號,121.530152,25.094898,公園路燈工程管理處園藝管理所,0,1,
士林區,D519,公園,芝山公園1號,親子,優等級(分),臺北市士林區至誠路一段182號與雨農路交叉口,121.532836,25.101148,公園路燈工程管理處陽明山公園管理所,0,0,
士林區,D033,公園,天母公園,親子廁所,特優級(分),臺北市士林區中山北路7段141巷旁,121.530071,25.125855,公園路燈工程管理處陽明公園管理所,1,1,
士林區,D548,公園,美崙公園,親子廁所,特優級(分),臺北市士林區美崙街152巷,121.519656,25.096979,公園路燈工程管理處陽明山公園管理所,1,1,
士林區,D525,公園,士林官邸,5號親子,特優級(分),臺北市士林區福林路60號,121.530152,25.094898,公園路燈工程管理處園藝管理所,1,1,
士林區,D701,公園,花卉試驗中心,親子,優等級(分),臺北市士林區仰德大道四段175巷32號,121.544438,25.134945,公園路燈工程管理處花卉試驗中心,1,1,
士林區,流053,公園,社子島基隆河側景觀,社子島基隆河側景觀(社子島頭公園)親子,,社子島頭公園,121.466524,25.110269,水利處河川管理科高灘地北區管理站,0,0,
士林區,B108,文化育樂場所,臺北表演藝術中心,7樓GP劇場親子,特優級(分),臺北市士林區劍潭路1號,121.524211,25.085079,臺北表演藝術中心,0,0,
士林區,B564,觀光遊憩,國立故宮博物院,B1兒童學藝中心左親子,特優級(分),臺北市士林區至善路二段221號,121.54936,25.099688,國立故宮博物院,1,1,
士林區,B564,觀光遊憩,國立故宮博物院,B1兒童學藝中心右親子,特優級(分),臺北市士林區至善路二段221號,121.54936,25.099688,國立故宮博物院,1,1,
士林區,D614,公園,華齡公園,景觀親子廁所,優等級(分),臺北市士林區承德路，後港街間,121.52088,25.083272,園藝工程隊(北區分隊),1,1,
大同區,E050,市場,公有大龍市場(署),親子,優等級(分),臺北市大同區重慶北路三段347號,121.51416,25.074936,臺北市市場處公有大龍市場,1,1,
大同區,A146,交通,捷運圓山站(淡水信義線),親子,特優級(分),臺北市大同區酒泉街9之1號,121.520118,25.071353,捷運圓山站,1,1,
大同區,A752,交通,捷運大橋頭站(新蘆線),付費區親子,特優級(分),臺北市大同區民權西路223號,121.513043,25.063171,捷運大橋頭站,1,0,
大同區,A144,交通,捷運雙連站(淡水信義線),親子,特優級(分),臺北市大同區民生西路47號,121.520653,25.057686,捷運雙連站,1,1,
大同區,A145,交通,捷運民權西路站(淡水信義線),親子,特優級(分),臺北市大同區民權西路72號,121.519531,25.062724,捷運民權西路站,1,1,
大同區,A751,交通,捷運民權西路站(新蘆線),非付費區親子,特優級(分),臺北市大同區民權西路72號1F,121.519346,25.062879,捷運民權西路站,1,0,
大同區,A167,交通,捷運北門站(松山新店線),B1站外親子,特優級(分),臺北市大同區塔城街10號,121.510184,25.049554,捷運北門站,1,1,
大同區,A167,交通,捷運北門站(松山新店線),B2站外親子,特優級(分),臺北市大同區塔城街10號,121.510184,25.049554,捷運北門站,1,1,
大同區,A168,交通,捷運中山站(松山新店線),站外親子,特優級(分),臺北市大同區南京西路55號,121.520364,25.052621,捷運中山站,1,1,
大同區,宗21,宗教,孔廟,親子,特優級(分),臺北市大同區大龍街275號,121.516179,25.072762,臺北市孔廟管理委員會,1,1,
大同區,A143,交通,捷運中山站(淡水信義線),親子廁所,特優級(分),臺北市大同區南京西路16號,121.520518,25.052433,捷運中山站,1,0,
大同區,B106,文化育樂場所,新芳春茶行,1樓親子廁所,特優級(分),臺北市大同區民生西路309號,121.512543,25.057079,財團法人臺灣文創發展基金會,1,1,
大同區,機82,機關,臺北市立圖書館蘭州民眾閱覽室,親子廁所,特優級(分),臺北市大同區昌吉街57號4樓,121.515458,25.066028,臺北市立圖書館蘭州民眾閱覽室,1,1,
大同區,機10,機關,臺北市立圖書館大同分館,B1親子,特優級(分),臺北市大同區重慶北路三段318號,121.513555,25.074304,臺北市立圖書館大同分館,1,1,
大同區,A185,交通,延平國小地下停車場,B1親子,優等級(分),臺北市大同區昌吉街97號,121.511904,25.067205,歐特儀股份有限公司延平地下停車場,1,0,
大同區,百803,綜合零售賣場,京站時尚廣場,B2西親子,特優級(分),臺北市大同區承德路一段1號,121.516825,25.049345,京站時尚廣場,1,1,V
大同區,百803,綜合零售賣場,京站時尚廣場,B3北親子,特優級(分),臺北市大同區承德路一段1號,121.516825,25.049345,京站時尚廣場,1,1,
大同區,百809,綜合零售賣場,中山地下街,M13親子廁所,特優級(分),臺北市大同區南京西路16號地下街(位於捷運臺北車站至雙連站之間),121.520382,25.052605,臺北大眾捷運股份有限公司,1,1,
大同區,百809,綜合零售賣場,中山地下街,M14親子廁所,特優級(分),臺北市大同區南京西路16號地下街(位於捷運臺北車站至雙連站之間),121.520382,25.052605,臺北大眾捷運股份有限公司,1,1,
大安區,機816,機關,臺北市立圖書館延吉閱覽室,3F親子,特優級(分),臺北市大安區延吉街236巷17號3-4樓,121.555021,25.036117,臺北市立圖書館延吉民眾閱覽室,1,0,
大安區,醫06,醫院,聯合醫院仁愛院區　　　　　,親子,特優級(分),臺北市大安區仁愛路四段10號,121.545224,25.037512,臺北市立聯合醫院仁愛院區,1,1,
大安區,A762,交通,捷運大安森林公園站(淡水信義線),東親子,特優級(分),臺北市大安區信義路三段100號B1,121.5337,25.033418,捷運大安森林公園站,1,1,
大安區,A762,交通,捷運大安森林公園站(淡水信義線),西親子,特優級(分),臺北市大安區信義路三段100號B1,121.5337,25.033418,捷運大安森林公園站,1,1,
大安區,A763,交通,捷運安和站(淡水信義線),親子,特優級(分),臺北市大安區信義路四段212之1號B1,121.551853,25.033185,捷運信義安和站,1,1,
大安區,A163,交通,捷運忠孝敦化站(板南線),親子,特優級(分),臺北市大安區忠孝東路四段182號,121.551744,25.041269,捷運忠孝敦化站,1,1,
大安區,A759,交通,捷運東門站(淡水信義線),親子廁所,特優級(分),臺北市大安區信義路二段166號,121.5288,25.0336,捷運東門站,0,1,
大安區,A162,交通,捷運忠孝新生站(板南線),親子廁所,特優級(分),臺北市大安區新生南路一段67號,121.533107,25.042023,捷運忠孝新生站,1,1,
大安區,A176,交通,捷運忠孝復興站(板南線),親子,特優級(分),臺北市大安區忠孝東路四段47號,121.544841,25.041833,捷運忠孝復興站,1,1,
大安區,A579,交通,金華公園地下停車場,親子,特優級(分),臺北市大安區金華街254巷1號地下,121.531765,25.029471,臺北市停車管理工程處金華公園地下停車場,1,1,
大安區,百808,綜合零售賣場,東區地下街,廣1親子廁所,特優級(分),臺北市大安區大安路一段77號地下街(位於忠孝復興站至忠孝敦化站之間),121.5462,25.0418,臺北大眾捷運股份有限公司,1,1,
大安區,百808,綜合零售賣場,東區地下街,廣4親子廁所,特優級(分),臺北市大安區大安路一段77號地下街(位於忠孝復興站至忠孝敦化站之間),121.5462,25.0418,臺北大眾捷運股份有限公司,1,1,
大安區,百808,綜合零售賣場,東區地下街,廣7親子廁所,特優級(分),臺北市大安區大安路一段77號地下街(位於忠孝復興站至忠孝敦化站之間),121.5462,25.0418,臺北大眾捷運股份有限公司,1,1,
大安區,D073,公園,大安森林公園(署),2號音樂臺南側無障礙親子,優等級(分),臺北市大安區新生南路二段1號,121.535241,25.027752,公園路燈工程管理處青年公園管理所,1,1,
大安區,D073,公園,大安森林公園(署),3號音樂臺北側無障礙親子,特優級(分),臺北市大安區新生南路二段1號,121.535241,25.027752,公園路燈工程管理處青年公園管理所,1,1,
大安區,D073,公園,大安森林公園(署),4號信義路無障礙親子,優等級(分),臺北市大安區新生南路二段1號,121.535241,25.027752,公園路燈工程管理處青年公園管理所,1,1,
大安區,A125,交通,捷運忠孝復興站(文湖線),親子廁所,特優級(分),臺北市大安區忠孝東路三段302號,121.542995,25.041483,捷運忠孝復興站,1,1,
大安區,機19,機關,大安地政事務所,1F親子暨無障礙,特優級(分),臺北市大安區信義路四段335巷6號,121.556434,25.033834,臺北市大安地政事務所,1,1,
大安區,D073,公園,大安森林公園(署),1號和平東路親子廁所,特優級(分),臺北市大安區新生南路二段1號,121.535241,25.027752,公園路燈工程管理處青年公園管理所,1,1,
大安區,醫811,醫院,臺大癌醫中心,E區門診親子廁所,特優級(分),臺北市大安區基隆路三段155巷57號1樓,121.544196,25.014688,國立臺灣大學醫學院附設醫院,1,1,V
大安區,A775,交通,大安國中地下停車場,親子,特優級(分),臺北市大安區大安路二段79號,121.54616,25.029932,正好停股份有限公司,1,1,
大安區,A554,交通,大安森林公園地下停車場(署),親子廁所,特優級(分),臺北市大安區建國南路二段2號地下一樓,121.537892,25.028771,臺北市停車管理工程處大安森林公園地下停車場,0,0,
中山區,百609,綜合零售賣場,美麗華百樂園,B1南女親子,特優級(分),臺北市中山區敬業三路20號,121.557293,25.082837,美麗華城市發展股份有限公司,0,1,
中山區,A712,交通,捷運劍南路站(文湖線),親子,特優級(分),臺北市中山區北安路798號,121.555462,25.084787,捷運劍南路站,1,1,
中山區,A713,交通,捷運大直站(文湖線),親子,特優級(分),臺北市中山區北安路534之1號,121.547078,25.079446,捷運大直站,1,1,
中山區,B021,文化育樂場所,臺北市立美術館,B2圖書館多功能親子,特優級(分),臺北市中山區中山北路三段181號,121.524686,25.072631,臺北市立美術館,0,1,
中山區,B021,文化育樂場所,臺北市立美術館,2F多功能親子,特優級(分),臺北市中山區中山北路三段181號,121.524686,25.072631,臺北市立美術館,1,1,
中山區,A748,交通,捷運松江南京站(新蘆線),付費區親子,特優級(分),臺北市中山區松江路126號B1,121.532951,25.052906,捷運松江南京站,1,1,
中山區,A750,交通,捷運中山國小站(新蘆線),付費區親子,特優級(分),臺北市中山區民權東路一段71號B1,121.527658,25.062655,捷運中山國小站,1,1,
中山區,A749,交通,捷運行天宮站(新蘆線),親子,特優級(分),臺北市中山區松江路316號B1,121.533084,25.060552,捷運行天宮站,1,1,
中山區,B021,文化育樂場所,臺北市立美術館,B1兒童藝術教育中心親子,特優級(分),臺北市中山區中山北路三段181號,121.524686,25.072631,臺北市立美術館,1,1,
中山區,A553,交通,捷運中山國中站(文湖線),親子,特優級(分),臺北市中山區復興北路376號,121.544215,25.060841,捷運中山國中站,1,1,
中山區,A169,交通,捷運松江南京站(松山新店線),站外東親子,特優級(分),臺北市中山區松江路126號B1,121.533077,25.051885,捷運松江南京站,1,1,
中山區,機99,機關,國稅局中北稽徵所,2樓親子,特優級(分),臺北市中山區松江路219號,121.533394,25.05766,財政部臺北國稅局中北稽徵所,0,0,
中山區,百206,綜合零售賣場,誠品生活南西店,B1親子,特優級(分),臺北市中山區南京西路14號,121.520656,25.052219,誠品生活股份有限公司,1,1,
中山區,百206,綜合零售賣場,誠品生活南西店,2樓親子,特優級(分),臺北市中山區南京西路14號,121.520656,25.052219,誠品生活股份有限公司,1,1,
中山區,百206,綜合零售賣場,誠品生活南西店,4樓親子,特優級(分),臺北市中山區南京西路14號,121.520656,25.052219,誠品生活股份有限公司,1,1,
中山區,B053,觀光遊憩,國民革命忠烈祠,親子,特優級(分),臺北市中山區北安路139號,121.533073,25.078801,全民防衛動員署後備指揮部,1,1,
中山區,D018,公園,新生公園,景觀2號親子廁所1,特優級(分),臺北市中山區新生北路三段105號建國高架橋旁,121.531014,25.068647,公園路燈工程管理處圓山公園管理所新生公園,1,1,
中山區,D018,公園,新生公園,景觀2號親子廁所2,特優級(分),臺北市中山區新生北路三段105號建國高架橋旁,121.531014,25.068647,公園路燈工程管理處圓山公園管理所新生公園,1,1,
中正區,機36,機關,中山堂,中正廳北側1樓親子,特優級(分),臺北市中正區延平南路98號,121.510036,25.043204,臺北市中山堂管理所,0,1,
中正區,醫10,醫院,臺大醫院　　　,兒醫4F-03-0親子,特優級(分),臺北市中正區常德街1號,121.517181,25.041417,國立臺灣大學醫學院附設醫院,1,0,V
中正區,醫11,醫院,三軍總醫院汀州院區　　,204婦兒科旁親子廁所,特優級(分),臺北市中正區汀州路三段40號,121.529829,25.016476,三軍總醫院汀州院區,1,0,
中正區,A133,交通,捷運臺北車站(淡水信義線),R13親子(外),特優級(分),臺北市中正區忠孝西路一段49號,121.517896,25.046374,捷運臺北車站,1,1,
中正區,A133,交通,捷運臺北車站(淡水信義線),R13親子,特優級(分),臺北市中正區忠孝西路一段49號,121.517896,25.046374,捷運臺北車站,1,1,
中正區,B741,文化育樂場所,中正運動中心,1F親子友善,特優級(分),臺北市中正區信義路一段1號,121.518896,25.038569,中正運動中心,0,0,
中正區,醫10,醫院,臺大醫院　　　,兒醫2F-01-0親子,特優級(分),臺北市中正區常德街1號,121.517181,25.041417,國立臺灣大學醫學院附設醫院,1,1,
中正區,醫10,醫院,臺大醫院　　　,兒醫2F-02-0親子,特優級(分),臺北市中正區常德街1號,121.517181,25.041417,國立臺灣大學醫學院附設醫院,1,0,
中正區,醫10,醫院,臺大醫院　　　,兒醫2F-03-0親子,特優級(分),臺北市中正區常德街1號,121.517181,25.041417,國立臺灣大學醫學院附設醫院,1,1,
中正區,醫10,醫院,臺大醫院　　　,兒醫3F-02-0親子,特優級(分),臺北市中正區常德街1號,121.517181,25.041417,國立臺灣大學醫學院附設醫院,1,1,
中正區,醫10,醫院,臺大醫院　　　,兒醫3F-03-0親子,特優級(分),臺北市中正區常德街1號,121.517181,25.041417,國立臺灣大學醫學院附設醫院,1,1,
中正區,醫10,醫院,臺大醫院　　　,兒醫4F-02-0親子,特優級(分),臺北市中正區常德街1號,121.517181,25.041417,國立臺灣大學醫學院附設醫院,1,1,
中正區,B752,文化育樂場所,二二八國家紀念館,親子,特優級(分),臺北市中正區南海路54號,121.51379,25.031614,財團法人二二八事件紀念基金會,1,0,
中正區,D037,公園,逸仙公園,親子廁所,優等級(分),臺北市中正區中山北路、北平西路交叉口國父史蹟紀念館內,121.520269,25.047554,公園路燈工程管理處青年公園管理所,1,1,
中正區,醫10,醫院,臺大醫院　　　,二東2F-01-0親子,特優級(分),臺北市中正區常德街1號,121.517181,25.041417,國立臺灣大學醫學院附設醫院,0,0,
中正區,A001,交通,臺北車站(署),7號親子,特優級(分),臺北市中正區北平西路3號,121.516989,25.047893,臺鐵公司北區營運處臺北運務段臺北站,1,1,
中正區,A001,交通,臺北車站(署),8號親子,特優級(分),臺北市中正區北平西路3號,121.516989,25.047893,臺鐵公司北區營運處臺北運務段臺北站,1,1,
中正區,A001,交通,臺北車站(署),多功能親子,特優級(分),臺北市中正區北平西路3號,121.516989,25.047893,臺鐵公司北區營運處臺北運務段臺北站,1,1,
中正區,A001,交通,臺北車站(署),9號親子,特優級(分),臺北市中正區北平西路3號,121.516989,25.047893,臺鐵公司北區營運處臺北運務段臺北站,1,1,
中正區,百806,綜合零售賣場,微風臺北車站(署),1號親子,優等級(分),臺北市中正區北平西路3號2F,121.517823,25.047989,微風台北車站,1,1,
中正區,A160,交通,捷運西門站(板南線),親子廁所,特優級(分),臺北市中正區寶慶路32-1號B1F,121.508652,25.041746,捷運西門站,1,1,
中正區,D804,公園,中央藝文1號公園,親子,優等級(分),臺北市中正區北平東路30號對面,121.525912,25.046065,公園路燈工程管理處青年公園管理所,1,1,
中正區,A142,交通,捷運台電大樓站(松山新店線),親子,特優級(分),臺北市中正區羅斯福路三段216-5號B1F,121.529708,25.018927,捷運台電大樓站,1,1,
中正區,B761,觀光遊憩,臺北市客家文化主題公園(署),客家文化中心2F親子,特優級(分),臺北市中正區汀州路三段2號,121.5253,25.0203,臺北市客家事務委員會,1,1,
中正區,A132,交通,捷運古亭站(松山新店線),親子,特優級(分),臺北市中正區羅斯福路二段164之1號,121.523279,25.025473,捷運古亭站,0,1,
中正區,A130,交通,捷運中正紀念堂站(松山新店線),南側親子,特優級(分),臺北市中正區羅斯福路一段8之1號,121.518363,25.032251,捷運中正紀念堂站,0,1,
中正區,A141,交通,捷運公館站(松山新店線),親子廁所,特優級(分),臺北市中正區羅斯福路四段64-1號B1F(夜),121.534269,25.014786,捷運公館站,1,0,
中正區,百205,綜合零售賣場,三創生活園區,3F親子,特優級(分),臺北市中正區市民大道三段2號,121.531431,25.045728,三創生活園區,1,1,
中正區,百205,綜合零售賣場,三創生活園區,5F親子,特優級(分),臺北市中正區市民大道三段2號,121.531431,25.045728,三創生活園區,1,1,
中正區,百205,綜合零售賣場,三創生活園區,7F親子,特優級(分),臺北市中正區市民大道三段2號,121.531431,25.045728,三創生活園區,1,1,
中正區,A175,交通,機場捷運A1站,臺鐵連通區親子,特優級(分),臺北市中正區鄭州路8號,121.513772,25.048737,桃園國際機場捷運臺北站,0,1,
中正區,A175,交通,機場捷運A1站,詢問臺旁親子,特優級(分),臺北市中正區鄭州路8號,121.513772,25.048737,桃園國際機場捷運臺北站,0,1,
中正區,A175,交通,機場捷運A1站,D棟親子,特優級(分),臺北市中正區鄭州路8號,121.513772,25.048737,桃園國際機場捷運臺北站,1,1,
中正區,A161,交通,捷運善導寺站(板南線),親子,特優級(分),臺北市中正區忠孝西路一段58號,121.523133,25.044746,捷運善導寺站,0,0,
中正區,醫13,醫院,聯合醫院和平婦幼院區(和平),A1-1親子,特優級(分),臺北市中正區廣州街14號,121.506879,25.035528,臺北市立聯合醫院和平婦幼院區(和平),1,1,
中正區,醫13,醫院,聯合醫院和平婦幼院區(和平),A2-1親子,特優級(分),臺北市中正區廣州街14號,121.506879,25.035528,臺北市立聯合醫院和平婦幼院區(和平),1,1,
中正區,醫13,醫院,聯合醫院和平婦幼院區(和平),A3-1親子,特優級(分),臺北市中正區廣州街14號,121.506879,25.035528,臺北市立聯合醫院和平婦幼院區(和平),1,1,
中正區,百15,綜合零售賣場,新光三越台北站前店,8F親子,特優級(分),臺北市中正區忠孝西路一段66號,121.515241,25.046139,新光三越百貨股份有限公司,1,1,
中正區,A178,交通,捷運臺北車站(板南線),BL7親子,特優級(分),臺北市中正區忠孝西路一段49號,121.517896,25.046374,捷運臺北車站,1,1,
中正區,E059,市場,公有南門市場(署),1樓親子廁所,特優級(分),臺北市中正區羅斯福路一段8號,121.522284,25.030271,臺北市市場處公有南門市場,1,1,
中正區,B555,文化育樂場所,臺北市政府青年局,8樓親子,特優級(分),臺北市中正區仁愛路一段17號,121.522275,25.038971,臺北市政府青年局,1,0,
中正區,A538,交通,捷運小南門站(松山新店線),親子廁所,特優級(分),臺北市中正區愛國西路22號-1樓,121.511274,25.035203,捷運小南門站,1,1,
中正區,B555,文化育樂場所,臺北市政府青年局,B1親子,特優級(分),臺北市中正區仁愛路一段17號,121.522275,25.038971,臺北市政府青年局,1,1,
中正區,百527,綜合零售賣場,東森地下街,(K區)中親子廁所,優等級(分),臺北市中正區忠孝西路一段47號B1,121.517177,25.046753,東森得易購股份有限公司 K區東森廣場營業所,1,1,
中正區,A130,交通,捷運中正紀念堂站(松山新店線),北側親子廁所,特優級(分),臺北市中正區羅斯福路一段8之1號,121.518363,25.032251,捷運中正紀念堂站,1,1,
中正區,機94,機關,臺灣臺北地方法院,南側2樓親子廁所,特優級(分),臺北市中正區博愛路131號,121.511122,25.036794,司法新廈管理委員會臺灣臺北地方法院,1,1,
中正區,機94,機關,臺灣臺北地方法院,北側3樓親子廁所,特優級(分),臺北市中正區博愛路131號,121.511122,25.036794,司法新廈管理委員會臺灣臺北地方法院,1,0,
中正區,流144,公園,中正河濱公園,中正河濱公園中正兒童遊戲場旁親子,,中正兒童遊戲場旁,121.514782,25.022832,水利處高灘地南區管理站,0,0,
中正區,流150,公園,古亭河濱公園,古亭河濱公園(永福橋停車場旁)親子廁所1,,永福橋停車場旁,121.526022,25.014513,水利處高灘地南區管理站,0,0,
中正區,流151,公園,古亭河濱公園,古亭河濱公園(永福橋停車場旁)親子廁所2,,永福橋停車場旁,121.526022,25.014513,水利處高灘地南區管理站,0,0,
中正區,流152,公園,古亭河濱公園,古亭河濱公園(永福橋停車場旁)親子廁所3,,永福橋停車場旁,121.526022,25.014517,水利處高灘地南區管理站,0,0,
中正區,B006,文化育樂場所,國立歷史博物館,2F親子廁所,特優級(分),臺北市中正區南海路49號,121.511227,25.031454,國立歷史博物館,0,0,
中正區,B539,觀光遊憩,自來水園區(署),水岸停車場親子廁所,優等級(分),臺北市中正區思源街1號,121.530253,25.013286,自來水園區,0,0,
中正區,B009,文化育樂場所,國立臺灣博物館,鐵道部園區電源室親子,特優級(分),臺北市中正區襄陽路2號,121.515003,25.043301,國立臺灣博物館,0,0,
中正區,B009,文化育樂場所,國立臺灣博物館,鐵道部園區9號建物親子廁所,特優級(分),臺北市中正區襄陽路2號,121.515003,25.043301,國立臺灣博物館,0,0,
中正區,A160,交通,捷運西門站(板南線),地下街親子,特優級(分),臺北市中正區寶慶路32-1號B1F,121.508652,25.041746,捷運西門站,1,1,
內湖區,A716,交通,捷運東湖站(文湖線),親子,特優級(分),臺北市內湖區康寧路三段235號,121.611718,25.067126,捷運東湖站,1,1,
內湖區,A717,交通,捷運葫洲站(文湖線),出口2親子,特優級(分),臺北市內湖區康寧路三段16號,121.607389,25.072483,捷運葫洲站,1,1,
內湖區,A718,交通,捷運大湖公園站(文湖線),親子,特優級(分),臺北市內湖區成功路五段11號,121.602658,25.083351,捷運大湖公園站,1,1,
內湖區,A719,交通,捷運內湖站(文湖線),親子,特優級(分),臺北市內湖區成功路四段186號,121.594258,25.0839,捷運內湖站,1,1,
內湖區,A720,交通,捷運文德站(文湖線),親子,特優級(分),臺北市內湖區文德路214號,121.585527,25.078436,捷運文德站,1,1,
內湖區,A721,交通,捷運港墘站(文湖線),親子,特優級(分),臺北市內湖區內湖路一段663號,121.575481,25.080073,捷運港墘站,1,1,
內湖區,A722,交通,捷運西湖站(文湖線),親子,特優級(分),臺北市內湖區內湖路一段256號,121.567597,25.081906,捷運西湖站,1,1,
內湖區,機42,機關,臺北市立圖書館東湖分館,2F親子,優等級(分),臺北市內湖區五分街6號,121.61261,25.067415,臺北市立圖書館東湖分館,0,0,
內湖區,醫44,醫院,三軍總醫院內湖院區,124(一樓小兒科門診親子廁),特優級(分),臺北市內湖區成功路二段325號,121.592407,25.071435,三軍總醫院內湖院區,1,1,
內湖區,醫44,醫院,三軍總醫院內湖院區,113(一樓-151診親子廁所),特優級(分),臺北市內湖區成功路二段325號,121.592407,25.071435,三軍總醫院內湖院區,1,1,
內湖區,醫35,醫院,中國醫藥大學附設醫院臺北分院,2樓親子,優等級(分),臺北市內湖區內湖路二段360號,121.590642,25.082157,中國醫藥大學附設醫院臺北分院,0,0,
內湖區,醫44,醫院,三軍總醫院內湖院區,123-1(急診大廳女廁親子),特優級(分),臺北市內湖區成功路二段325號,121.592407,25.071435,三軍總醫院內湖院區,1,1,
內湖區,B740,文化育樂場所,內湖運動中心,B1親子無障礙,特優級(分),臺北市內湖區洲子街12號,121.575154,25.078233,內湖運動中心,0,0,
內湖區,B740,文化育樂場所,內湖運動中心,5F親子無障礙,特優級(分),臺北市內湖區洲子街12號,121.575154,25.078233,內湖運動中心,0,0,
內湖區,B740,文化育樂場所,內湖運動中心,8F親子無障礙,特優級(分),臺北市內湖區洲子街12號,121.575154,25.078233,內湖運動中心,0,0,
內湖區,B740,文化育樂場所,內湖運動中心,10F親子無障礙,特優級(分),臺北市內湖區洲子街12號,121.575154,25.078233,內湖運動中心,0,0,
內湖區,百505,綜合零售賣場,大全聯內湖店,1樓親子廁所,優等級(分),臺北市內湖區舊宗路一段188號,121.575245,25.062596,全聯實業股份有限公司,1,1,
內湖區,百503,綜合零售賣場,好市多購物中心(內湖店),B1親子,特優級(分),臺北市內湖區舊宗路一段268號,121.575994,25.064152,好市多購物中心內湖店,1,1,
內湖區,B573,文化育樂場所,臺北市網球中心,2樓親子,優等級(分),臺北市內湖區民權東路六段208號,121.596695,25.067637,臺北市政府體育局,0,0,
文山區,A134,交通,捷運木柵站(文湖線),親子廁所,特優級(分),臺北市文山區木柵路四段135號,121.573147,24.998231,捷運木柵站,1,1,
文山區,A136,交通,捷運萬芳醫院站(文湖線),親子廁所,特優級(分),臺北市文山區興隆路三段113號,121.558095,24.999335,捷運萬芳醫院站,1,1,
文山區,A138,交通,捷運動物園站(文湖線),親子廁所,特優級(分),臺北市文山區新光路二段32號,121.579498,24.998171,捷運動物園站,1,1,
文山區,B091,觀光遊憩,臺北市立動物園,14號雨林區親子廁所,特優級(分),臺北市文山區新光路二段30號,121.581069,24.998855,臺北市立動物園,1,1,
文山區,B091,觀光遊憩,臺北市立動物園,3號若亞方舟親子廁所,特優級(分),臺北市文山區新光路二段30號,121.581069,24.998855,臺北市立動物園,1,1,
文山區,B091,觀光遊憩,臺北市立動物園,4號台灣區男親子,特優級(分),臺北市文山區新光路二段30號,121.581069,24.998855,臺北市立動物園,1,1,
文山區,B091,觀光遊憩,臺北市立動物園,4號台灣區女親子,特優級(分),臺北市文山區新光路二段30號,121.581069,24.998855,臺北市立動物園,1,1,
文山區,B091,觀光遊憩,臺北市立動物園,2號遊客服務中心親子廁所,特優級(分),臺北市文山區新光路二段30號,121.581069,24.998855,臺北市立動物園,1,1,
文山區,A728,交通,景美國小地下停車場,B1親子,優等級(分),臺北市文山區景文街142巷2號,121.540694,24.989247,臺北市停車管理工程處景美國小地下停車場,1,0,
文山區,B730,觀光遊憩,木柵貓空纜車,遊客服務中心男廁旁親子,特優級(分),臺北市文山區新光路二段8號,121.576292,24.996036,臺北大眾捷運股份有限公司,1,1,
文山區,B730,觀光遊憩,木柵貓空纜車,遊客服務中心女廁旁親子,特優級(分),臺北市文山區新光路二段8號,121.576292,24.996036,臺北大眾捷運股份有限公司,1,1,
文山區,B730,觀光遊憩,木柵貓空纜車,指南站親子廁所,特優級(分),臺北市文山區新光路二段8號,121.576292,24.996036,臺北大眾捷運股份有限公司,1,0,
文山區,D808,公園,景美運動公園(署),親子廁所,優等級(分),臺北市文山區景豐街底,121.545128,25.001276,公園路燈工程管理處南港公園管理所,1,1,
文山區,D047,公園,木柵公園(署),親子廁所,優等級(分),臺北市文山區下崙路9之3號對面,121.560505,24.986902,公園路燈工程管理處南港公園管理所,1,1,
文山區,機49,機關,文山區戶政事務所(所本部),2樓入口服務台後方親子,特優級(分),臺北市文山區木柵路三段220號2樓,121.569962,24.989558,臺北市文山區戶政事務所所本部,0,1,
文山區,B091,觀光遊憩,臺北市立動物園,25號沙漠區親子廁所,特優級(分),臺北市文山區新光路二段30號,121.581069,24.998855,臺北市立動物園,1,0,
文山區,A140,交通,捷運萬隆站(松山新店線),親子廁所,特優級(分),臺北市文山區羅斯福路五段214號,121.538552,25.002544,捷運萬隆站,1,1,
文山區,A139,交通,捷運景美站(松山新店線),親子,特優級(分),臺北市文山區羅斯福路六段216號,121.540571,24.993206,捷運景美站(夜),1,1,
文山區,醫26,醫院,臺北市立萬芳醫院　　　　,急診藥局對面親子廁所,優等級(分),臺北市文山區興隆路三段111號,121.558387,24.999963,臺北市立萬芳醫院,1,1,
文山區,B091,觀光遊憩,臺北市立動物園,26-1熱帶雨林館2樓親子廁所,特優級(分),臺北市文山區新光路二段30號,121.581069,24.998855,臺北市立動物園,0,0,
文山區,B091,觀光遊憩,臺北市立動物園,26-3熱帶雨林館戶外親子,特優級(分),臺北市文山區新光路二段30號,121.581069,24.998855,臺北市立動物園,0,0,
文山區,A568,交通,北二高木柵休息站,親子廁所,特優級(分),木柵休息站,121.570283,24.975939,交通部台灣區國道高速公路局北區工程處木柵工務段,1,1,
文山區,機48,機關,臺北市立圖書館文山分館,9F多功能教室親子,特優級(分),臺北市文山區興隆路二段160號7樓,121.551672,25.001719,臺北市立圖書館文山分館,0,0,
文山區,B091,觀光遊憩,臺北市立動物園,21號企鵝館親子廁所,特優級(分),臺北市文山區新光路二段30號,121.581069,24.998855,臺北市立動物園,1,0,
文山區,D032,公園,萬芳公園,親子廁所,優等級(分),臺北市文山區萬和街2號旁,121.568252,25.001252,公園路燈工程管理處南港公園管理所,1,1,
文山區,流161,公園,溪洲河濱公園,溪洲疏散門景觀(景二號疏散門)親子廁所,,溪洲疏散門(景二號疏散門),121.535117,24.998537,水利處高灘地南區管理站,0,0,
文山區,流162,公園,溪洲河濱公園,溪洲疏散門景觀(景二號疏散門)親子廁所2,,溪洲疏散門(景二號疏散門),121.535107,24.998532,水利處高灘地南區管理站,0,0,
文山區,流171,公園,道南右岸河濱公園,道南右岸河濱公園景觀親子(恆光橋旁),,恆光橋旁,121.567129,24.981157,水利處高灘地南區管理站,1,0,
北投區,醫17,醫院,臺北榮民總醫院　　　　　,2門1樓親子,特優級(分),臺北市北投區石牌路二段201號,121.520082,25.119349,臺北榮民總醫院,1,1,V
北投區,A151,交通,捷運石牌站(淡水信義線),親子,特優級(分),臺北市北投區石牌路一段200號,121.515136,25.115078,捷運石牌站,1,1,
北投區,A154,交通,捷運北投站(淡水信義線),1號出口親子,特優級(分),臺北市北投區光明路1號,121.498695,25.131977,捷運北投站,1,0,
北投區,A725,交通,七星公園地下停車場,親子,特優級(分),臺北市北投區光明路225號,121.504128,25.136564,臺北市停車管理工程處七星公園地下停車場,1,1,
北投區,A150,交通,捷運明德站(淡水信義線),親子廁所,特優級(分),臺北市北投區明德路95號,121.518848,25.109721,捷運明德站,1,1,
北投區,醫17,醫院,臺北榮民總醫院　　　　　,3門診1樓東親子,特優級(分),臺北市北投區石牌路二段201號,121.520082,25.119349,臺北榮民總醫院,1,1,
北投區,醫17,醫院,臺北榮民總醫院　　　　　,3門診2樓東親子,特優級(分),臺北市北投區石牌路二段201號,121.520082,25.119349,臺北榮民總醫院,1,1,
北投區,醫17,醫院,臺北榮民總醫院　　　　　,3門診2樓西親子,特優級(分),臺北市北投區石牌路二段201號,121.520082,25.119349,臺北榮民總醫院,1,1,
北投區,醫17,醫院,臺北榮民總醫院　　　　　,3門診3樓東親子,特優級(分),臺北市北投區石牌路二段201號,121.520082,25.119349,臺北榮民總醫院,1,1,
北投區,醫17,醫院,臺北榮民總醫院　　　　　,3門診3樓西親子,特優級(分),臺北市北投區石牌路二段201號,121.520082,25.119349,臺北榮民總醫院,1,1,
北投區,醫17,醫院,臺北榮民總醫院　　　　　,3門診4樓東親子,特優級(分),臺北市北投區石牌路二段201號,121.520082,25.119349,臺北榮民總醫院,1,1,
北投區,醫17,醫院,臺北榮民總醫院　　　　　,3門診4樓西親子,特優級(分),臺北市北投區石牌路二段201號,121.520082,25.119349,臺北榮民總醫院,1,1,
北投區,醫17,醫院,臺北榮民總醫院　　　　　,3門診5樓東親子,特優級(分),臺北市北投區石牌路二段201號,121.520082,25.119349,臺北榮民總醫院,1,1,
北投區,醫17,醫院,臺北榮民總醫院　　　　　,3門診5樓西親子,特優級(分),臺北市北投區石牌路二段201號,121.520082,25.119349,臺北榮民總醫院,1,1,
北投區,醫17,醫院,臺北榮民總醫院　　　　　,3門診6樓東親子,特優級(分),臺北市北投區石牌路二段201號,121.520082,25.119349,臺北榮民總醫院,1,1,
北投區,醫17,醫院,臺北榮民總醫院　　　　　,3門診6樓西親子,特優級(分),臺北市北投區石牌路二段201號,121.520082,25.119349,臺北榮民總醫院,1,1,
北投區,醫17,醫院,臺北榮民總醫院　　　　　,3門診7樓東親子,特優級(分),臺北市北投區石牌路二段201號,121.520082,25.119349,臺北榮民總醫院,1,1,
北投區,醫17,醫院,臺北榮民總醫院　　　　　,3門診7樓西親子,特優級(分),臺北市北投區石牌路二段201號,121.520082,25.119349,臺北榮民總醫院,1,1,
北投區,醫17,醫院,臺北榮民總醫院　　　　　,3門診8樓東親子,特優級(分),臺北市北投區石牌路二段201號,121.520082,25.119349,臺北榮民總醫院,1,1,
北投區,醫17,醫院,臺北榮民總醫院　　　　　,3門診8樓西親子,特優級(分),臺北市北投區石牌路二段201號,121.520082,25.119349,臺北榮民總醫院,1,1,
北投區,醫17,醫院,臺北榮民總醫院　　　　　,3門診9樓東親子,特優級(分),臺北市北投區石牌路二段201號,121.520082,25.119349,臺北榮民總醫院,1,1,
北投區,醫17,醫院,臺北榮民總醫院　　　　　,3門診9樓西親子,特優級(分),臺北市北投區石牌路二段201號,121.520082,25.119349,臺北榮民總醫院,1,1,
北投區,醫17,醫院,臺北榮民總醫院　　　　　,2門3樓親子,特優級(分),臺北市北投區石牌路二段201號,121.520082,25.119349,臺北榮民總醫院,1,1,
北投區,醫17,醫院,臺北榮民總醫院　　　　　,湖畔3樓親子廁所,優等級(分),臺北市北投區石牌路二段201號,121.520082,25.119349,臺北榮民總醫院,1,1,
北投區,A154,交通,捷運北投站(淡水信義線),2號出口親子,特優級(分),臺北市北投區光明路1號,121.498695,25.131977,捷運北投站,0,0,
北投區,B078,觀光遊憩,陽明山國家公園(署),冷水坑遊客服務站親子廁所,特優級(分),臺北市北投區小油坑地質景觀區遊客服務中心,121.546587,25.155082,內政部國家公園署陽明山國家公園管理處,1,1,
北投區,A153,交通,捷運奇岩站(淡水信義線),親子,特優級(分),臺北市北投區三合街二段487號,121.501132,25.125491,捷運奇岩站,1,1,
北投區,A155,交通,捷運新北投站(淡水信義線),親子,特優級(分),臺北市北投區大業路700號,121.502534,25.136947,捷運新北投站,1,1,
北投區,A152,交通,捷運唭哩岸站(淡水信義線),親子廁所,特優級(分),臺北市北投區東華街二段301號,121.506252,25.120872,捷運唭哩岸站,1,1,
北投區,A156,交通,捷運復興崗站(淡水信義線),親子廁所,特優級(分),臺北市北投區中央北路三段53巷10號,121.485424,25.137532,捷運復興崗站,1,1,
北投區,A157,交通,捷運忠義站(淡水信義線),親子廁所,特優級(分),臺北市北投區中央北路四段301號,121.473226,25.131058,捷運忠義站,1,1,
北投區,D091,公園,北投福星公園,無障礙親子,特優級(分),臺北市北投區文林北路225號,121.512297,25.109071,工務局公園路燈工程管理處,1,1,
北投區,D001,公園,陽明山公園(署),1號大門口立體停車場親子廁所,特優級(分),臺北市北投區陽明山,121.540139,25.156931,公園路燈工程管理處花卉試驗中心,1,1,
北投區,醫17,醫院,臺北榮民總醫院　　　　　,1門2F親子,特優級(分),臺北市北投區石牌路二段201號,121.520082,25.119349,臺北榮民總醫院,1,1,
北投區,D813,公園,洲美公園,親子廁所,特優級(分),臺北市北投區福美路199號,121.505584,25.10028,臺北市公園路燈管理處陽明山管理所,1,1,
北投區,醫17,醫院,臺北榮民總醫院　　　　　,2門7F親子廁所,特優級(分),臺北市北投區石牌路二段201號,121.520082,25.119349,臺北榮民總醫院,1,1,
北投區,機54,機關,臺北市立圖書館稻香分館,8F親子廁所,特優級(分),臺北市北投區稻香路81號7樓,121.489538,25.140952,臺北市立圖書館稻香分館,0,0,
北投區,B078,觀光遊憩,陽明山國家公園(署),龍鳳谷遊客服務站親子廁所,特優級(分),臺北市北投區小油坑地質景觀區遊客服務中心,121.546587,25.155082,內政部國家公園署陽明山國家公園管理處,1,1,
北投區,B078,觀光遊憩,陽明山國家公園(署),擎天岡遊客服務站親子廁所,特優級(分),臺北市北投區小油坑地質景觀區遊客服務中心,121.546587,25.155082,內政部國家公園署陽明山國家公園管理處,1,1,
北投區,B078,觀光遊憩,陽明山國家公園(署),遊客服務中心親子廁所,特優級(分),臺北市北投區小油坑地質景觀區遊客服務中心,121.546587,25.155082,內政部國家公園署陽明山國家公園管理處,1,1,
北投區,B078,觀光遊憩,陽明山國家公園(署),小油坑地質景觀區親子廁所,特優級(分),臺北市北投區小油坑地質景觀區遊客服務中心,121.546587,25.155082,內政部國家公園署陽明山國家公園管理處,1,1,
北投區,B078,觀光遊憩,陽明山國家公園(署),竹子湖蓬萊米原種田故事館親子廁所,特優級(分),臺北市北投區小油坑地質景觀區遊客服務中心,121.546587,25.155082,內政部國家公園署陽明山國家公園管理處,1,1,
北投區,B604,文化育樂場所,洲美運動公園,1F親子,優等級(分),臺北市北投區洲美街271號,121.500605,25.109979,洲美運動公園,1,0,
北投區,B604,文化育樂場所,洲美運動公園,2F親子,優等級(分),臺北市北投區洲美街271號,121.500605,25.109979,洲美運動公園,1,0,
北投區,百621,綜合零售賣場,好市多北投店,B1親子,特優級(分),臺北市北投區立德路117號,121.470067,25.127562,好市多購物中心北投店,1,1,
北投區,醫37,醫院,和信治癌中心醫院,1003親子,特優級(分),臺北市北投區立德路125號,121.472414,25.128283,醫療財團法人辜公亮基金會和信治癌中心醫院,1,1,
北投區,A776,交通,北投福星公園地下停車場,B1親子廁所,特優級(分),臺北市北投區北科路220號,121.512563,25.107571,臺北市停車管理工程處,1,1,
松山區,B025,文化育樂場所,臺北田徑場,二樓東區E11親子213B,優等級(分),臺北市松山區敦化北路3號,121.551403,25.051253,臺北田徑場,1,0,
松山區,B025,文化育樂場所,臺北田徑場,二樓西區W05親子206B,優等級(分),臺北市松山區敦化北路3號,121.551403,25.051253,臺北田徑場,1,0,
松山區,B025,文化育樂場所,臺北田徑場,二樓西區W06親子208B,優等級(分),臺北市松山區敦化北路3號,121.551403,25.051253,臺北田徑場,1,0,
松山區,B025,文化育樂場所,臺北田徑場,二樓西區W08親子212B,優等級(分),臺北市松山區敦化北路3號,121.551403,25.051253,臺北田徑場,1,0,
松山區,B025,文化育樂場所,臺北田徑場,二樓西區W09親子213B,優等級(分),臺北市松山區敦化北路3號,121.551403,25.051253,臺北田徑場,1,0,
松山區,B601,文化育樂場所,臺北小巨蛋,1-03親子廁所,特優級(分),臺北市松山區南京東路四段2號(南京東路四段與敦化北路交叉口),121.549934,25.05145,臺北大眾捷運股份有限公司,1,1,
松山區,B601,文化育樂場所,臺北小巨蛋,2-04親子廁所,特優級(分),臺北市松山區南京東路四段2號(南京東路四段與敦化北路交叉口),121.549934,25.05145,臺北大眾捷運股份有限公司,0,1,
松山區,B601,文化育樂場所,臺北小巨蛋,2-17親子廁所,特優級(分),臺北市松山區南京東路四段2號(南京東路四段與敦化北路交叉口),121.549934,25.05145,臺北大眾捷運股份有限公司,1,1,
松山區,A552,交通,捷運南京復興站(文湖線),親子,特優級(分),臺北市松山區南京東路三段253號,121.544517,25.052057,南京復興站,1,1,
松山區,A170,交通,捷運南京復興站(松山新店線),站內親子,特優級(分),臺北市松山區南京東路三段253號,121.544045,25.052285,捷運南京復興站,1,1,
松山區,A170,交通,捷運南京復興站(松山新店線),站外親子,特優級(分),臺北市松山區南京東路三段253號,121.544045,25.052285,捷運南京復興站,1,1,
松山區,A171,交通,捷運台北小巨蛋站(松山新店線),站內親子,特優級(分),臺北市松山區南京東路四段10-1號,121.552549,25.051292,捷運台北小巨蛋站,1,1,
松山區,A171,交通,捷運台北小巨蛋站(松山新店線),站外親子,特優級(分),臺北市松山區南京東路四段10-1號,121.552549,25.051292,捷運台北小巨蛋站,1,1,
松山區,A172,交通,捷運南京三民站(松山新店線),站外親子,特優級(分),臺北市松山區南京東路五段237號,121.564708,25.051652,捷運南京三民站,1,1,
松山區,A173,交通,捷運松山站(松山新店線),站內親子,特優級(分),臺北市松山區八德路四段742號,121.577706,25.050118,捷運松山站,1,1,
松山區,A173,交通,捷運松山站(松山新店線),站外親子,特優級(分),臺北市松山區八德路四段742號,121.577706,25.050118,捷運松山站,1,1,
松山區,A023,交通,松山機場,國際線-1樓報到大廳東區-親子廁所,特優級(分),臺北市松山區敦化北路340-9號,121.551513,25.063666,交通部民航局臺北國際航空站,1,1,
松山區,機123,機關,松山區戶政事務所,親子廁所,特優級(分),臺北市松山區八德路四段692號4樓,121.577229,25.049822,臺北市松山區戶政事務所,1,1,
松山區,A166,交通,八德立體停車場,1樓親子無障礙,特優級(分),臺北市松山區八德路四段568號,121.572071,25.049758,八德立體停車場(夜),1,1,
松山區,A166,交通,八德立體停車場,3樓親子無障礙,特優級(分),臺北市松山區八德路四段568號,121.572071,25.049758,八德立體停車場(夜),0,1,
松山區,A166,交通,八德立體停車場,5樓親子無障礙,特優級(分),臺北市松山區八德路四段568號,121.572071,25.049758,八德立體停車場(夜),0,1,
松山區,A166,交通,八德立體停車場,8樓親子無障礙,特優級(分),臺北市松山區八德路四段568號,121.572071,25.049758,八德立體停車場(夜),0,1,
松山區,機124,機關,松山區健康服務中心,親子,特優級(分),臺北市松山區八德路四段692號2樓,121.577229,25.049822,臺北市松山區健康服務中心,1,1,
松山區,機58,機關,臺北市立圖書館民生分館,4F親子,優等級(分),臺北市松山區敦化北路199巷5號4樓,121.55113,25.057122,臺北市立圖書館民生分館,0,1,
松山區,百515,綜合零售賣場,微風廣場,2樓-L4親子,特優級(分),臺北市松山區復興南路一段39號,121.544177,25.04614,微風廣場,1,1,
松山區,醫18,醫院,臺安醫院,舊2樓親子廁所,特優級(分),臺北市松山區八德路二段424號,121.547413,25.048094,財團法人基督復臨安息日會臺安醫院,1,1,
松山區,百515,綜合零售賣場,微風廣場,8樓親子,特優級(分),臺北市松山區復興南路一段39號,121.544177,25.04614,微風廣場,1,1,
松山區,百515,綜合零售賣場,微風廣場,9樓親子,特優級(分),臺北市松山區復興南路一段39號,121.544177,25.04614,微風廣場,1,1,
松山區,機849,機關,民生社區中心,3F西親子廁所,特優級(分),臺北市松山區民生東路五段163之1號,121.562981,25.058996,民生社區中心,1,1,
松山區,機849,機關,民生社區中心,8F親子廁所,特優級(分),臺北市松山區民生東路五段163之1號,121.562981,25.058996,民生社區中心,1,1,
松山區,A023,交通,松山機場,美食廣場-2F智慧廁間親子廁所,特優級(分),臺北市松山區敦化北路340-9號,121.551513,25.063666,交通部民航局臺北國際航空站,1,0,
松山區,A023,交通,松山機場,美食廣場-2F親子廁所,特優級(分),臺北市松山區敦化北路340-9號,121.551513,25.063666,交通部民航局臺北國際航空站,1,0,
松山區,宗133,宗教,行天宮附設玄空圖書館敦化總館,1樓親子,特優級(分),臺北市松山區敦化北路120巷9號,121.547882,25.053903,財團法人台北市行天宮附設玄空圖書館敦化總館,0,0,
松山區,A184,交通,中山國中地下停車場,B1親子,特優級(分),臺北市松山區民權東路三段140巷15號,121.546528,25.061549,臺北市停車管理工程處,1,1,
松山區,醫19,醫院,三軍總醫院松山分院　　　,航空醫學大樓急診1F親子廁所,特優級(分),臺北市松山區健康路131號,121.557672,25.054373,三軍總醫院松山分院,1,1,
松山區,醫19,醫院,三軍總醫院松山分院　　　,航空醫學大樓1F親子廁所,特優級(分),臺北市松山區健康路131號,121.557672,25.054373,三軍總醫院松山分院,0,0,
松山區,醫19,醫院,三軍總醫院松山分院　　　,航空醫學大樓高階健檢中心3F親子廁所,特優級(分),臺北市松山區健康路131號,121.557672,25.054373,三軍總醫院松山分院,1,1,
信義區,機65,機關,市政大樓,中央北區9F親子廁所,特優級(分),臺北市信義區市府路1號,121.563782,25.037525,臺北市市政大樓公共事務管理中心,1,1,
信義區,機65,機關,市政大樓,親子劇場2F男,優等級(分),臺北市信義區市府路1號,121.563782,25.037525,臺北市市政大樓公共事務管理中心,0,0,
信義區,機65,機關,市政大樓,親子劇場2F女,優等級(分),臺北市信義區市府路1號,121.563782,25.037525,臺北市市政大樓公共事務管理中心,0,0,
信義區,機65,機關,市政大樓,親子劇場2F貴賓室男,優等級(分),臺北市信義區市府路1號,121.563782,25.037525,臺北市市政大樓公共事務管理中心,0,0,
信義區,機65,機關,市政大樓,親子劇場2F貴賓室女,優等級(分),臺北市信義區市府路1號,121.563782,25.037525,臺北市市政大樓公共事務管理中心,0,0,
信義區,機65,機關,市政大樓,親子劇場3F男,優等級(分),臺北市信義區市府路1號,121.563782,25.037525,臺北市市政大樓公共事務管理中心,0,0,
信義區,機65,機關,市政大樓,親子劇場3F女,優等級(分),臺北市信義區市府路1號,121.563782,25.037525,臺北市市政大樓公共事務管理中心,0,0,
信義區,A013,交通,松山車站(署),前站B1東側出口(親子無障礙),特優級(分),臺北市信義區松山路11號,121.577914,25.049437,臺鐵公司北區營運處臺北運務段松山站,1,1,
信義區,A013,交通,松山車站(署),前站B1西側出口(親子無障礙),特優級(分),臺北市信義區松山路11號,121.577914,25.049437,臺鐵公司北區營運處臺北運務段松山站,0,1,
信義區,機63,機關,信義區公所,1F親子廁所,特優級(分),臺北市信義區福德街86號9樓,121.581973,25.037725,臺北市信義區公所,1,1,V
信義區,A760,交通,松山車站地下停車場,親子,特優級(分),臺北市信義區松山路11號,121.5789,25.0495,松山車站地下停車場(夜.署),1,1,
信義區,A766,交通,捷運象山站(淡水信義線),親子廁所,特優級(分),臺北市信義區信義路五段152號B1,121.567279,25.032903,捷運象山站,1,1,
信義區,機847,機關,信義公民會館,親子館親子廁所,特優級(分),臺北市信義區松勤街50號,121.562184,25.031783,信義區公所民政課,2,1,
信義區,機65,機關,市政大樓,中央南區12F親子廁所,特優級(分),臺北市信義區市府路1號,121.563782,25.037525,臺北市市政大樓公共事務管理中心,1,1,
信義區,A164,交通,捷運國父紀念館站(板南線),親子,特優級(分),臺北市信義區忠孝東路四段400號,121.558011,25.041048,捷運國父紀念館站,1,1,
信義區,A165,交通,捷運市政府站(板南線),親子,特優級(分),臺北市信義區忠孝東路五段2號,121.565328,25.04092,捷運市政府站,0,1,
信義區,機65,機關,市政大樓,中央北區12F親子,特優級(分),臺北市信義區市府路1號,121.563782,25.037525,臺北市市政大樓公共事務管理中心,1,0,
信義區,A741,交通,春光公園地下停車場,親子廁所,特優級(分),臺北市信義區忠孝東路五段666號,121.580698,25.042242,臺北市停車管理工程處春光公園地下停車場,1,1,V
信義區,百521,綜合零售賣場,新光三越台北信義新天地A8館,B2西南區親子,特優級(分),臺北市信義區松高路12號,121.566663,25.038882,新光三越百貨股份有限公司台北信義新天地A8館,0,0,V
信義區,百521,綜合零售賣場,新光三越台北信義新天地A8館,B1東北區親子,特優級(分),臺北市信義區松高路12號,121.566663,25.038882,新光三越百貨股份有限公司台北信義新天地A8館,0,0,
信義區,百521,綜合零售賣場,新光三越台北信義新天地A8館,2樓西南親子,特優級(分),臺北市信義區松高路12號,121.566663,25.038882,新光三越百貨股份有限公司台北信義新天地A8館,1,1,
信義區,百521,綜合零售賣場,新光三越台北信義新天地A8館,3樓西南親子,特優級(分),臺北市信義區松高路12號,121.566663,25.038882,新光三越百貨股份有限公司台北信義新天地A8館,0,0,
信義區,百521,綜合零售賣場,新光三越台北信義新天地A8館,4樓西南親子,特優級(分),臺北市信義區松高路12號,121.566663,25.038882,新光三越百貨股份有限公司台北信義新天地A8館,0,1,
信義區,百521,綜合零售賣場,新光三越台北信義新天地A8館,5樓親子,特優級(分),臺北市信義區松高路12號,121.566663,25.038882,新光三越百貨股份有限公司台北信義新天地A8館,0,1,
信義區,百521,綜合零售賣場,新光三越台北信義新天地A8館,6樓親子,特優級(分),臺北市信義區松高路12號,121.566663,25.038882,新光三越百貨股份有限公司台北信義新天地A8館,0,0,
信義區,百521,綜合零售賣場,新光三越台北信義新天地A8館,7樓親子,特優級(分),臺北市信義區松高路12號,121.566663,25.038882,新光三越百貨股份有限公司台北信義新天地A8館,0,0,
信義區,百804,綜合零售賣場,BELLAVITA百貨,B1親子西北區,特優級(分),臺北市信義區松仁路28號,121.568291,25.03928,BELLAVITA寶麗廣場,1,1,
信義區,機116,機關,松山地政事務所,親子,特優級(分),臺北市信義區莊敬路391巷11號,121.56589,25.028577,臺北市松山地政事務所,1,1,
信義區,百524,綜合零售賣場,台北101購物中心,3樓親子,特優級(分),臺北市信義區市府路45號,121.564101,25.033493,台北101購物中心,1,1,
信義區,百522,綜合零售賣場,新光三越台北信義新天地A9館,西北B2親子,特優級(分),臺北市信義區松壽路9號,121.566575,25.036018,新光三越百貨股份有限公司台北信義新天地A9館,0,0,
信義區,百522,綜合零售賣場,新光三越台北信義新天地A9館,西北3樓親子,特優級(分),臺北市信義區松壽路9號,121.566575,25.036018,新光三越百貨股份有限公司台北信義新天地A9館,1,1,
信義區,百522,綜合零售賣場,新光三越台北信義新天地A9館,西北4樓親子,特優級(分),臺北市信義區松壽路9號,121.566575,25.036018,新光三越百貨股份有限公司台北信義新天地A9館,1,1,
信義區,機610,機關,臺北市立圖書館三興分館,4F親子廁所,優等級(分),臺北市信義區吳興街156巷6號4樓廁所,121.561168,25.029062,臺北市立圖書館三興分館,0,0,
信義區,百545,綜合零售賣場,遠百信義A13,B3東側親子廁所,特優級(分),臺北市信義區松仁路58號,121.567968,25.036732,遠東百貨股份有限公司,1,1,V
信義區,百545,綜合零售賣場,遠百信義A13,5F親子廁所,特優級(分),臺北市信義區松仁路58號,121.567968,25.036732,遠東百貨股份有限公司,1,1,
信義區,百545,綜合零售賣場,遠百信義A13,7F親子廁所,特優級(分),臺北市信義區松仁路58號,121.567968,25.036732,遠東百貨股份有限公司,1,1,
信義區,百545,綜合零售賣場,遠百信義A13,9F親子廁所,特優級(分),臺北市信義區松仁路58號,121.567968,25.036732,遠東百貨股份有限公司,1,1,
信義區,D086,公園,永春坡濕地公園,多功能室旁親子廁所,優等級(分),臺北市信義區松山路657號,121.580579,25.033356,工務局公園路燈工程管理處,1,1,
信義區,D086,公園,永春坡濕地公園,服務展覽站親子廁所,優等級(分),臺北市信義區松山路657號,121.580579,25.033356,工務局公園路燈工程管理處,1,1,
信義區,機65,機關,市政大樓,中央南區1F親子廁所,特優級(分),臺北市信義區市府路1號,121.563782,25.037525,臺北市市政大樓公共事務管理中心,1,1,
信義區,機65,機關,市政大樓,中央北區1F親子廁所,特優級(分),臺北市信義區市府路1號,121.563782,25.037525,臺北市市政大樓公共事務管理中心,1,1,
信義區,D522,公園,中興公園,親子廁所,優等級(分),臺北市信義區光復南路473巷13弄43號對面,121.558981,25.034336,公園路燈工程管理處南港公園管理所,1,1,
信義區,B575,文化育樂場所,臺北大巨蛋,B1一壘側107親子,特優級(分),臺北市信義區忠孝東路四段515號,121.55959,25.042322,遠雄巨蛋事業股份有限公司,1,0,
信義區,B575,文化育樂場所,臺北大巨蛋,B1右外野140親子,特優級(分),臺北市信義區忠孝東路四段515號,121.55959,25.042322,遠雄巨蛋事業股份有限公司,0,0,
信義區,B575,文化育樂場所,臺北大巨蛋,B1左外野132親子,特優級(分),臺北市信義區忠孝東路四段515號,121.55959,25.042322,遠雄巨蛋事業股份有限公司,0,0,
信義區,B575,文化育樂場所,臺北大巨蛋,B1三壘內野119親子,特優級(分),臺北市信義區忠孝東路四段515號,121.55959,25.042322,遠雄巨蛋事業股份有限公司,0,0,
信義區,百522,綜合零售賣場,新光三越台北信義新天地A9館,西南2樓親子,特優級(分),臺北市信義區松壽路9號,121.566575,25.036018,新光三越百貨股份有限公司台北信義新天地A9館,1,1,
信義區,機63,機關,信義區公所,8F親子廁所,特優級(分),臺北市信義區福德街86號9樓,121.581973,25.037725,臺北市信義區公所,1,0,
信義區,機64,機關,臺北市立圖書館永春分館,4樓無障礙親子,特優級(分),臺北市信義區松山路294號3、4樓,121.577577,25.043069,臺北市立圖書館永春分館,0,0,
信義區,機850,機關,臺北市立圖書館廣慈分館,親子廁所,特優級(分),臺北市信義區大仁里福德街86號4樓,121.581973,25.037725,臺北市立圖書館廣慈分館,0,0,
信義區,百704,綜合零售賣場,DREAM PLAZA,3F親子廁所,特優級(分),臺北市信義區松高路11號,121.565254,25.039819,統一時代百貨台北店,0,1,
信義區,D709,公園,永春崗公園,景觀親子廁所,優等級(分),臺北市信義區松山路656巷,121.577205,25.031566,臺北市工務局公園路燈工程管理處南港所,1,0,
信義區,D615,公園,景勤一號公園,景觀親子廁所,,臺北市信義區吳興街220巷59弄旁(台北醫學院斜對),121.561915,25.026896,臺北市政府公園路燈管理工程處南港公園管理所,1,1,
南港區,A714,交通,捷運南港展覽館站(板南線),站內親子廁所,特優級(分),臺北市南港區研究院路一段1號,121.616646,25.055258,捷運南港展覽館站,0,1,
南港區,A715,交通,捷運南港軟體園區站(文湖線),親子,特優級(分),臺北市南港區經貿二路183號,121.615929,25.059942,捷運南港軟體園區站,1,1,
南港區,A707,交通,捷運南港站(板南線),親子,特優級(分),臺北市南港區忠孝東路七段380號,121.606042,25.051814,捷運南港站,1,1,
南港區,醫24,醫院,聯合醫院忠孝院區　　　　,3F性別友善暨親子,特優級(分),臺北市南港區同德路87號,121.586098,25.046249,臺北市立聯合醫院忠孝院區,1,1,
南港區,A550,交通,捷運後山埤站(板南線),親子廁所,特優級(分),臺北市南港區忠孝東路六段2號,121.582961,25.045248,捷運後山埤站,0,0,
南港區,A002,交通,台灣高鐵南港站,女廁旁親子廁所,特優級(分),臺北市南港區南港路一段313號,121.607064,25.053189,台灣高速鐵路股份有限公司南港站,0,1,
南港區,機66,機關,臺北市立圖書館南港分館,1F親子,特優級(分),臺北市南港區南港路一段350號,121.607951,25.053795,臺北市立圖書館南港分館,0,0,
南港區,D087,公園,南港新新公園(署),親子廁所,優等級(分),臺北市南港區南港路三段47巷旁,121.589697,25.051289,工務局公園路燈工程管理處,1,1,
南港區,B107,文化育樂場所,臺北流行音樂中心,1F文化館親子無障礙廁所,特優級(分),臺北市南港區市民大道八段99號,121.598575,25.052654,臺北流行音樂中心,0,1,V
南港區,B107,文化育樂場所,臺北流行音樂中心,1F戶外親子無障礙廁所-1,特優級(分),臺北市南港區市民大道八段99號,121.598575,25.052654,臺北流行音樂中心,0,0,
南港區,B107,文化育樂場所,臺北流行音樂中心,1F戶外親子無障礙廁所-2,特優級(分),臺北市南港區市民大道八段99號,121.598575,25.052654,臺北流行音樂中心,0,1,
南港區,B107,文化育樂場所,臺北流行音樂中心,4F文化館親子無障礙廁所,特優級(分),臺北市南港區市民大道八段99號,121.598575,25.052654,臺北流行音樂中心,0,0,
南港區,A551,交通,捷運昆陽站(板南線),無障礙親子,特優級(分),臺北市南港區忠孝東路六段451號,121.593268,25.050461,捷運昆陽站,1,1,
南港區,百702,綜合零售賣場,中國信託金融園區,C棟1樓親子廁所,特優級(分),臺北市南港區經貿二路168-188號,121.61539,25.059165,中國信託商業銀行股份有限公司,0,0,
南港區,B744,文化育樂場所,南港運動中心,2F親子廁所,特優級(分),臺北市南港區玉成街69號,121.581691,25.04901,南港運動中心,0,0,
萬華區,A159,交通,捷運龍山寺站(板南線),親子廁所,特優級(分),臺北市萬華區西園路一段153號,121.499579,25.035449,捷運龍山寺站,1,1,
萬華區,機72,機關,國稅局萬華稽徵所,2樓親子,特優級(分),臺北市萬華區萬大路90巷1號,121.499932,25.030197,財政部臺北國稅局萬華稽徵所,1,0,
萬華區,醫12,醫院,聯合醫院萬華門診部　　,1樓親子廁所,特優級(分),臺北市萬華區東園街152號,121.497547,25.02315,臺北市立聯合醫院萬華門診部,1,1,
萬華區,醫25,醫院,國立臺灣大學醫學院附設醫院北護分院,親子,特優級(分),臺北市萬華區內江街87號,121.503322,25.041618,國立臺灣大學醫學院附設醫院北護分院,1,0,
萬華區,D809,公園,和平青草園,親子,優等級(分),臺北市萬華區艋舺大道西園路二段交叉口,121.4981,25.0328,公園路燈工程管理處青年公園管理所,1,1,
萬華區,A024,交通,洛陽停車場,5樓05號親子廁所,優等級(分),臺北市萬華區環河南路一段1號,121.505376,25.047595,洛陽停車場,1,1,
萬華區,A603,交通,青年公園棒球場地下停車場(署),親子廁所,特優級(分),臺北市萬華區青年路69號地下1樓,121.50264,25.022819,臺北市政府停車管理處青年公園棒球場地下停車場,1,1,
萬華區,D704,公園,青山公園廣場,親子廁所,優等級(分),臺北市萬華區華西街15號,121.498392,25.039497,公園路燈工程管理處青年公園管理所,1,0,
萬華區,機75,機關,臺北市立圖書館西園分館,4F親子,特優級(分),臺北市萬華區興寧街6號,121.50173,25.032201,臺北市立圖書館西園分館,1,0,
萬華區,A016,交通,萬華車站(署),西區入口親子,特優級(分),臺北市萬華區康定路321號,121.501321,25.033445,臺鐵公司北區營運處臺北運務段萬華站,1,1,
萬華區,D009,公園,青年公園(署),1號親子,優等級(分),臺北市萬華區水源路199號,121.507039,25.022201,公園路燈工程管理處青年公園管理所,1,1,
萬華區,D009,公園,青年公園(署),2號親子,優等級(分),臺北市萬華區水源路199號,121.507039,25.022201,公園路燈工程管理處青年公園管理所,1,1,
萬華區,D009,公園,青年公園(署),4號親子,優等級(分),臺北市萬華區水源路199號,121.507039,25.022201,公園路燈工程管理處青年公園管理所,1,1,
萬華區,D009,公園,青年公園(署),5號親子,優等級(分),臺北市萬華區水源路199號,121.507039,25.022201,公園路燈工程管理處青年公園管理所,1,1,
萬華區,D009,公園,青年公園(署),6號親子,優等級(分),臺北市萬華區水源路199號,121.507039,25.022201,公園路燈工程管理處青年公園管理所,1,1,
萬華區,A555,交通,雙園國中地下停車場,親子,特優級(分),臺北市萬華區西園路二段320巷55弄3號地下,121.491177,25.027622,臺北市停車管理工程處雙園國中地下停車場,1,1,
萬華區,機71,機關,萬華區戶政事務所,4樓親子無障礙,特優級(分),臺北市萬華區和平西路三段120號4樓,121.499739,25.034816,臺北市萬華區戶政事務所,1,1,
萬華區,E020,市場,公有環南綜合市場(署),乙區112室前親子廁所,優等級(分),臺北市萬華區環河南路二段245號,121.489814,25.029942,臺北市市場處公有環南綜合市場,1,1,
萬華區,E020,市場,公有環南綜合市場(署),乙區116室前親子廁所,優等級(分),臺北市萬華區環河南路二段245號,121.489814,25.029942,臺北市市場處公有環南綜合市場,1,1,
萬華區,機155,機關,臺北市動產質借處龍山分處,5F親子無障礙,特優級(分),臺北市萬華區和平西路三段120號5樓,121.499739,25.034816,臺北市動產質借處龍山分處,0,1,
萬華區,A769,交通,萬華車站地下停車場,無障礙兼親子,特優級(分),臺北市萬華區康定路382號B1,121.499701,25.033488,好停企業有限公司,1,1,
萬華區,A556,交通,青年公園高爾夫球場地下停車場(署),親子廁所,特優級(分),臺北市萬華區國興路5號地下,121.508017,25.024091,臺北市停車管理工程處青年公園高爾夫球場地下停車場,1,1,
萬華區,A771,交通,新和國小地下停車場,親子廁所,特優級(分),臺北市萬華區中華路2段416巷21號,121.502759,25.02719,正好停股份有限公司,1,1,
萬華區,流107,公園,雙園河濱公園,雙園河濱公園(兒童遊戲場旁)親子廁所,,華江橋下兒童遊戲場旁,121.488404,25.034454,水利處高灘地南區管理站,0,0,
萬華區,流108,公園,雙園河濱公園,雙園河濱公園(兒童遊戲場旁)親子廁所,,華江橋下兒童遊戲場旁,121.488404,25.034454,水利處高灘地南區管理站,0,0,
萬華區,流120,公園,華中河濱景觀公廁,華中河濱景觀公廁(遊憩區旁靠近水防道路)親子,,遊憩區旁靠近水防道路,121.493128,25.017942,水利處高灘地南區管理站,0,0,
萬華區,流121,公園,華中河濱景觀公廁,華中河濱景觀公廁(遊憩區旁靠近水防道路)親子,,遊憩區旁靠近水防道路,121.49309,25.017998,水利處高灘地南區管理站,0,0,
萬華區,流124,公園,華中河濱景觀公廁,華中河濱景觀公廁(遊憩區靠網球場)親子,,遊憩區靠網球場,121.492003,25.016925,水利處高灘地南區管理站,0,0,
萬華區,流134,公園,馬場町河濱公園,馬場町河濱公園疏散門旁親子,,馬場町疏散門旁,121.504292,25.019466,水利處高灘地南區管理站,0,0,
萬華區,流137,公園,馬場町河濱公園,馬場町河濱公園疏散門旁親子,,馬場町疏散門旁,121.504292,25.019466,水利處高灘地南區管理站,0,0,
萬華區,E020,市場,公有環南綜合市場(署),丙4區-B2親子廁所,優等級(分),臺北市萬華區環河南路二段245號,121.489814,25.029942,臺北市市場處公有環南綜合市場,1,1,
萬華區,E020,市場,公有環南綜合市場(署),丙7區-B2親子廁所,優等級(分),臺北市萬華區環河南路二段245號,121.489814,25.029942,臺北市市場處公有環南綜合市場,1,1,
萬華區,E020,市場,公有環南綜合市場(署),丁3區-B2親子廁所,優等級(分),臺北市萬華區環河南路二段245號,121.489814,25.029942,臺北市市場處公有環南綜合市場,1,1,
萬華區,E020,市場,公有環南綜合市場(署),丁6區-B2親子廁所,優等級(分),臺北市萬華區環河南路二段245號,121.489814,25.029942,臺北市市場處公有環南綜合市場,1,1,
萬華區,E020,市場,公有環南綜合市場(署),丙4區-B1親子廁所,優等級(分),臺北市萬華區環河南路二段245號,121.489814,25.029942,臺北市市場處公有環南綜合市場,1,1,
萬華區,E020,市場,公有環南綜合市場(署),丙7區-B1親子廁所,優等級(分),臺北市萬華區環河南路二段245號,121.489814,25.029942,臺北市市場處公有環南綜合市場,1,1,
萬華區,E020,市場,公有環南綜合市場(署),丁3區-B1親子廁所,優等級(分),臺北市萬華區環河南路二段245號,121.489814,25.029942,臺北市市場處公有環南綜合市場,1,1,
萬華區,E020,市場,公有環南綜合市場(署),丁6區-B1親子廁所,優等級(分),臺北市萬華區環河南路二段245號,121.489814,25.029942,臺北市市場處公有環南綜合市場,1,1,
萬華區,E020,市場,公有環南綜合市場(署),丁3區-1樓親子廁所,優等級(分),臺北市萬華區環河南路二段245號,121.489814,25.029942,臺北市市場處公有環南綜合市場,1,1,
萬華區,E020,市場,公有環南綜合市場(署),丁6區-1樓親子廁所,優等級(分),臺北市萬華區環河南路二段245號,121.489814,25.029942,臺北市市場處公有環南綜合市場,1,1,
萬華區,E020,市場,公有環南綜合市場(署),丙6區-2樓親子廁所,優等級(分),臺北市萬華區環河南路二段245號,121.489814,25.029942,臺北市市場處公有環南綜合市場,1,1,
萬華區,E020,市場,公有環南綜合市場(署),210室旁-2樓親子廁所,優等級(分),臺北市萬華區環河南路二段245號,121.489814,25.029942,臺北市市場處公有環南綜合市場,1,1,
萬華區,E020,市場,公有環南綜合市場(署),丁1區-3樓親子廁所,優等級(分),臺北市萬華區環河南路二段245號,121.489814,25.029942,臺北市市場處公有環南綜合市場,1,1,
萬華區,E020,市場,公有環南綜合市場(署),329室旁-3樓親子廁所,優等級(分),臺北市萬華區環河南路二段245號,121.489814,25.029942,臺北市市場處公有環南綜合市場,1,1,
萬華區,E020,市場,公有環南綜合市場(署),丁3區-4樓親子廁所,優等級(分),臺北市萬華區環河南路二段245號,121.489814,25.029942,臺北市市場處公有環南綜合市場,1,1,
萬華區,E020,市場,公有環南綜合市場(署),丁3區-5樓親子廁所,優等級(分),臺北市萬華區環河南路二段245號,121.489814,25.029942,臺北市市場處公有環南綜合市場,1,1,
